,train_logloss,val_logloss
100,0.31617640411298376,0.3671130241674233
300,0.31615330558616744,0.3674182237728352
500,0.31612914068224407,0.3674518973100392
